timestamp,prompt_variant_name,test_case_input,temperature,model_name,llm_response,latency_seconds,prompt_tokens,completion_tokens,total_tokens,system_prompt,user_prompt,human_score_relevance,human_score_clarity
2025-07-25 14:15:39,variant_A_formal,The quick brown fox jumps over the lazy dog. This sentence is famous for containing all letters of the English alphabet.,0.2,gpt-4.1-nano,"The sentence ""The quick brown fox jumps over the lazy dog"" is well-known for including every letter of the English alphabet.",2.8182,48,25,73,You are a formal summarizer.,Please formally summarize the following text: The quick brown fox jumps over the lazy dog. This sentence is famous for containing all letters of the English alphabet.,,
2025-07-25 14:15:40,variant_A_formal,The quick brown fox jumps over the lazy dog. This sentence is famous for containing all letters of the English alphabet.,0.5,gpt-4.1-nano,"The sentence ""The quick brown fox jumps over the lazy dog"" is well-known for including every letter of the English alphabet.",1.3122,48,25,73,You are a formal summarizer.,Please formally summarize the following text: The quick brown fox jumps over the lazy dog. This sentence is famous for containing all letters of the English alphabet.,,
2025-07-25 14:15:41,variant_A_formal,The quick brown fox jumps over the lazy dog. This sentence is famous for containing all letters of the English alphabet.,0.8,gpt-4.1-nano,"The sentence ""The quick brown fox jumps over the lazy dog"" is well-known for including every letter of the English alphabet.",0.8097,48,25,73,You are a formal summarizer.,Please formally summarize the following text: The quick brown fox jumps over the lazy dog. This sentence is famous for containing all letters of the English alphabet.,,
2025-07-25 14:15:42,variant_A_formal,The quick brown fox jumps over the lazy dog. This sentence is famous for containing all letters of the English alphabet.,1.2,gpt-4.1-nano,"The sentence ""The quick brown fox jumps over the lazy dog"" is renowned for comprising all the letters of the English alphabet.",0.9076,48,25,73,You are a formal summarizer.,Please formally summarize the following text: The quick brown fox jumps over the lazy dog. This sentence is famous for containing all letters of the English alphabet.,,
2025-07-25 14:15:43,variant_A_formal,"Large language models are transforming various industries by automating tasks, generating creative content, and providing insights from data.",0.2,gpt-4.1-nano,"Large language models are revolutionizing multiple industries through the automation of tasks, the creation of creative content, and the extraction of insights from data.",0.9123,47,28,75,You are a formal summarizer.,"Please formally summarize the following text: Large language models are transforming various industries by automating tasks, generating creative content, and providing insights from data.",,
2025-07-25 14:15:44,variant_A_formal,"Large language models are transforming various industries by automating tasks, generating creative content, and providing insights from data.",0.5,gpt-4.1-nano,"Large language models are revolutionizing multiple industries through the automation of tasks, the creation of creative content, and the extraction of insights from data.",0.9434,47,28,75,You are a formal summarizer.,"Please formally summarize the following text: Large language models are transforming various industries by automating tasks, generating creative content, and providing insights from data.",,
2025-07-25 14:15:45,variant_A_formal,"Large language models are transforming various industries by automating tasks, generating creative content, and providing insights from data.",0.8,gpt-4.1-nano,"Large language models are revolutionizing multiple industries through the automation of tasks, the creation of creative content, and the extraction of insights from data.",0.871,47,28,75,You are a formal summarizer.,"Please formally summarize the following text: Large language models are transforming various industries by automating tasks, generating creative content, and providing insights from data.",,
2025-07-25 14:15:46,variant_A_formal,"Large language models are transforming various industries by automating tasks, generating creative content, and providing insights from data.",1.2,gpt-4.1-nano,"Large language models are revolutionizing multiple industries through the automation of tasks, the creation of creative content, and the extraction of insights from data.",1.0122,47,28,75,You are a formal summarizer.,"Please formally summarize the following text: Large language models are transforming various industries by automating tasks, generating creative content, and providing insights from data.",,
2025-07-25 14:15:47,variant_A_formal,"Climate change is accelerating due to increased greenhouse gas emissions from human activities, especially fossil fuel burning.",0.2,gpt-4.1-nano,"Climate change is progressing at an accelerated rate as a result of heightened greenhouse gas emissions stemming primarily from human activities, notably the combustion of fossil fuels.",1.013,44,29,73,You are a formal summarizer.,"Please formally summarize the following text: Climate change is accelerating due to increased greenhouse gas emissions from human activities, especially fossil fuel burning.",,
2025-07-25 14:15:48,variant_A_formal,"Climate change is accelerating due to increased greenhouse gas emissions from human activities, especially fossil fuel burning.",0.5,gpt-4.1-nano,"Climate change is progressing at an accelerated rate as a result of heightened greenhouse gas emissions stemming primarily from human activities, notably the combustion of fossil fuels.",1.0153,44,29,73,You are a formal summarizer.,"Please formally summarize the following text: Climate change is accelerating due to increased greenhouse gas emissions from human activities, especially fossil fuel burning.",,
2025-07-25 14:15:49,variant_A_formal,"Climate change is accelerating due to increased greenhouse gas emissions from human activities, especially fossil fuel burning.",0.8,gpt-4.1-nano,"Climate change is intensifying as a result of heightened greenhouse gas emissions, primarily stemming from human activities such as fossil fuel combustion.",1.0602,44,25,69,You are a formal summarizer.,"Please formally summarize the following text: Climate change is accelerating due to increased greenhouse gas emissions from human activities, especially fossil fuel burning.",,
2025-07-25 14:15:50,variant_A_formal,"Climate change is accelerating due to increased greenhouse gas emissions from human activities, especially fossil fuel burning.",1.2,gpt-4.1-nano,"Climate change is progressing at an accelerated rate as a result of heightened greenhouse gas emissions caused primarily by human activities, notably the combustion of fossil fuels.",0.8537,44,29,73,You are a formal summarizer.,"Please formally summarize the following text: Climate change is accelerating due to increased greenhouse gas emissions from human activities, especially fossil fuel burning.",,
2025-07-25 14:15:51,variant_A_formal,"Space exploration has advanced significantly with reusable rockets, allowing more frequent and cost-effective missions to orbit and beyond.",0.2,gpt-4.1-nano,"Space exploration has progressed notably through the development of reusable rockets, which facilitate more frequent and cost-efficient missions to orbit and beyond.",1.0577,46,25,71,You are a formal summarizer.,"Please formally summarize the following text: Space exploration has advanced significantly with reusable rockets, allowing more frequent and cost-effective missions to orbit and beyond.",,
2025-07-25 14:15:52,variant_A_formal,"Space exploration has advanced significantly with reusable rockets, allowing more frequent and cost-effective missions to orbit and beyond.",0.5,gpt-4.1-nano,"Space exploration has progressed notably through the development of reusable rockets, which enable more frequent and economically efficient missions to orbit and beyond.",0.8099,46,25,71,You are a formal summarizer.,"Please formally summarize the following text: Space exploration has advanced significantly with reusable rockets, allowing more frequent and cost-effective missions to orbit and beyond.",,
2025-07-25 14:15:53,variant_A_formal,"Space exploration has advanced significantly with reusable rockets, allowing more frequent and cost-effective missions to orbit and beyond.",0.8,gpt-4.1-nano,"Space exploration has made considerable progress through the development of reusable rockets, which facilitate more frequent and cost-efficient missions to orbit and beyond.",1.1524,46,26,72,You are a formal summarizer.,"Please formally summarize the following text: Space exploration has advanced significantly with reusable rockets, allowing more frequent and cost-effective missions to orbit and beyond.",,
2025-07-25 14:15:54,variant_A_formal,"Space exploration has advanced significantly with reusable rockets, allowing more frequent and cost-effective missions to orbit and beyond.",1.2,gpt-4.1-nano,"The advancement of space exploration has been marked by the development of reusable rockets, which facilitate more frequent and cost-effective missions to orbit and beyond.",0.9331,46,28,74,You are a formal summarizer.,"Please formally summarize the following text: Space exploration has advanced significantly with reusable rockets, allowing more frequent and cost-effective missions to orbit and beyond.",,
2025-07-25 14:15:55,variant_B_bullet,The quick brown fox jumps over the lazy dog. This sentence is famous for containing all letters of the English alphabet.,0.2,gpt-4.1-nano,"- The quick brown fox jumps over the lazy dog.
- This sentence is well-known for including all letters of the English alphabet.",0.9546,54,26,80,You are a concise summarizer that uses bullet points.,Summarize this text using bullet points: The quick brown fox jumps over the lazy dog. This sentence is famous for containing all letters of the English alphabet.,,
2025-07-25 14:15:56,variant_B_bullet,The quick brown fox jumps over the lazy dog. This sentence is famous for containing all letters of the English alphabet.,0.5,gpt-4.1-nano,"- The quick brown fox jumps over the lazy dog.
- This sentence is well-known for including every letter of the English alphabet.",0.8275,54,26,80,You are a concise summarizer that uses bullet points.,Summarize this text using bullet points: The quick brown fox jumps over the lazy dog. This sentence is famous for containing all letters of the English alphabet.,,
2025-07-25 14:15:57,variant_B_bullet,The quick brown fox jumps over the lazy dog. This sentence is famous for containing all letters of the English alphabet.,0.8,gpt-4.1-nano,"- The quick brown fox jumps over the lazy dog.  
- This sentence is well-known for including all the letters of the English alphabet.",0.89,54,28,82,You are a concise summarizer that uses bullet points.,Summarize this text using bullet points: The quick brown fox jumps over the lazy dog. This sentence is famous for containing all letters of the English alphabet.,,
2025-07-25 14:15:58,variant_B_bullet,The quick brown fox jumps over the lazy dog. This sentence is famous for containing all letters of the English alphabet.,1.2,gpt-4.1-nano,"- ""The quick brown fox jumps over the lazy dog"" is a well-known pangram.  
- It includes all the letters of the English alphabet.",0.911,54,31,85,You are a concise summarizer that uses bullet points.,Summarize this text using bullet points: The quick brown fox jumps over the lazy dog. This sentence is famous for containing all letters of the English alphabet.,,
2025-07-25 14:15:59,variant_B_bullet,"Large language models are transforming various industries by automating tasks, generating creative content, and providing insights from data.",0.2,gpt-4.1-nano,"- Large language models are transforming multiple industries.
- They automate tasks efficiently.
- They generate creative content.
- They provide valuable insights from data.",0.9687,53,29,82,You are a concise summarizer that uses bullet points.,"Summarize this text using bullet points: Large language models are transforming various industries by automating tasks, generating creative content, and providing insights from data.",,
2025-07-25 14:16:00,variant_B_bullet,"Large language models are transforming various industries by automating tasks, generating creative content, and providing insights from data.",0.5,gpt-4.1-nano,"- Large language models are transforming multiple industries.  
- They automate tasks across different sectors.  
- They generate creative content.  
- They provide insights derived from data.",1.3205,53,34,87,You are a concise summarizer that uses bullet points.,"Summarize this text using bullet points: Large language models are transforming various industries by automating tasks, generating creative content, and providing insights from data.",,
2025-07-25 14:16:02,variant_B_bullet,"Large language models are transforming various industries by automating tasks, generating creative content, and providing insights from data.",0.8,gpt-4.1-nano,"- Large language models are revolutionizing multiple industries.
- They automate tasks efficiently.
- They generate creative content.
- They extract valuable insights from data.",1.2065,53,30,83,You are a concise summarizer that uses bullet points.,"Summarize this text using bullet points: Large language models are transforming various industries by automating tasks, generating creative content, and providing insights from data.",,
2025-07-25 14:16:03,variant_B_bullet,"Large language models are transforming various industries by automating tasks, generating creative content, and providing insights from data.",1.2,gpt-4.1-nano,"- Large language models are transforming multiple industries.
- They automate tasks efficiently.
- They generate creative content.
- They provide insights derived from data.",1.326,53,29,82,You are a concise summarizer that uses bullet points.,"Summarize this text using bullet points: Large language models are transforming various industries by automating tasks, generating creative content, and providing insights from data.",,
2025-07-25 14:16:04,variant_B_bullet,"Climate change is accelerating due to increased greenhouse gas emissions from human activities, especially fossil fuel burning.",0.2,gpt-4.1-nano,"- Climate change is speeding up.  
- Main cause: increased greenhouse gas emissions.  
- Human activities, particularly fossil fuel burning, are the primary source.",1.4364,50,32,82,You are a concise summarizer that uses bullet points.,"Summarize this text using bullet points: Climate change is accelerating due to increased greenhouse gas emissions from human activities, especially fossil fuel burning.",,
2025-07-25 14:16:05,variant_B_bullet,"Climate change is accelerating due to increased greenhouse gas emissions from human activities, especially fossil fuel burning.",0.5,gpt-4.1-nano,"- Climate change is accelerating.  
- Main cause: increased greenhouse gas emissions.  
- Human activities, particularly fossil fuel burning, are primary contributors.",1.0912,50,30,80,You are a concise summarizer that uses bullet points.,"Summarize this text using bullet points: Climate change is accelerating due to increased greenhouse gas emissions from human activities, especially fossil fuel burning.",,
2025-07-25 14:16:06,variant_B_bullet,"Climate change is accelerating due to increased greenhouse gas emissions from human activities, especially fossil fuel burning.",0.8,gpt-4.1-nano,"- Climate change is accelerating.  
- Caused by increased greenhouse gas emissions.  
- Main source: human activities, particularly fossil fuel burning.",0.9117,50,29,79,You are a concise summarizer that uses bullet points.,"Summarize this text using bullet points: Climate change is accelerating due to increased greenhouse gas emissions from human activities, especially fossil fuel burning.",,
2025-07-25 14:16:07,variant_B_bullet,"Climate change is accelerating due to increased greenhouse gas emissions from human activities, especially fossil fuel burning.",1.2,gpt-4.1-nano,"- Climate change is speeding up.  
- Major cause: Increased greenhouse gases.  
- Main source: Human activities, especially fossil fuel burning.",0.909,50,29,79,You are a concise summarizer that uses bullet points.,"Summarize this text using bullet points: Climate change is accelerating due to increased greenhouse gas emissions from human activities, especially fossil fuel burning.",,
2025-07-25 14:16:09,variant_B_bullet,"Space exploration has advanced significantly with reusable rockets, allowing more frequent and cost-effective missions to orbit and beyond.",0.2,gpt-4.1-nano,"- Reusable rockets have advanced space exploration.  
- They enable more frequent missions to orbit and beyond.  
- They make space missions more cost-effective.",1.2678,52,31,83,You are a concise summarizer that uses bullet points.,"Summarize this text using bullet points: Space exploration has advanced significantly with reusable rockets, allowing more frequent and cost-effective missions to orbit and beyond.",,
2025-07-25 14:16:10,variant_B_bullet,"Space exploration has advanced significantly with reusable rockets, allowing more frequent and cost-effective missions to orbit and beyond.",0.5,gpt-4.1-nano,"- Reusable rockets have advanced space exploration.
- They enable more frequent missions.
- They reduce the costs of space missions.
- They facilitate travel to orbit and beyond.",1.0139,52,34,86,You are a concise summarizer that uses bullet points.,"Summarize this text using bullet points: Space exploration has advanced significantly with reusable rockets, allowing more frequent and cost-effective missions to orbit and beyond.",,
2025-07-25 14:16:11,variant_B_bullet,"Space exploration has advanced significantly with reusable rockets, allowing more frequent and cost-effective missions to orbit and beyond.",0.8,gpt-4.1-nano,"- Reusable rockets have advanced space exploration.  
- They enable more frequent missions to orbit and beyond.  
- They make missions more cost-effective.",0.8051,52,30,82,You are a concise summarizer that uses bullet points.,"Summarize this text using bullet points: Space exploration has advanced significantly with reusable rockets, allowing more frequent and cost-effective missions to orbit and beyond.",,
2025-07-25 14:16:12,variant_B_bullet,"Space exploration has advanced significantly with reusable rockets, allowing more frequent and cost-effective missions to orbit and beyond.",1.2,gpt-4.1-nano,"- Reusable rockets have revolutionized space exploration.  
- They enable more frequent missions to orbit and beyond.  
- Reusability reduces overall costs of space travel.  
- Overall advancement in space exploration capabilities.",1.026,52,43,95,You are a concise summarizer that uses bullet points.,"Summarize this text using bullet points: Space exploration has advanced significantly with reusable rockets, allowing more frequent and cost-effective missions to orbit and beyond.",,
2025-07-25 14:16:13,variant_C_casual,The quick brown fox jumps over the lazy dog. This sentence is famous for containing all letters of the English alphabet.,0.2,gpt-4.1-nano,"Sure! Basically, the sentence ""The quick brown fox jumps over the lazy dog"" is a fun way to use every letter in the alphabet in just one sentence. People often use it to test fonts or keyboards because it has all the letters from A to Z. Pretty clever, right?",1.8161,57,58,115,"You are a casual, friendly summarizer.",Hey! Can you break this down in a simple and friendly way? The quick brown fox jumps over the lazy dog. This sentence is famous for containing all letters of the English alphabet.,,
2025-07-25 14:16:15,variant_C_casual,The quick brown fox jumps over the lazy dog. This sentence is famous for containing all letters of the English alphabet.,0.5,gpt-4.1-nano,"Sure! Basically, the sentence ""The quick brown fox jumps over the lazy dog"" is special because it uses every letter of the alphabet at least once. People often use it to test fonts or keyboards since it has all the letters in a fun, short sentence.",1.2171,57,53,110,"You are a casual, friendly summarizer.",Hey! Can you break this down in a simple and friendly way? The quick brown fox jumps over the lazy dog. This sentence is famous for containing all letters of the English alphabet.,,
2025-07-25 14:16:16,variant_C_casual,The quick brown fox jumps over the lazy dog. This sentence is famous for containing all letters of the English alphabet.,0.8,gpt-4.1-nano,"Sure! Basically, the sentence ""The quick brown fox jumps over the lazy dog"" is special because it uses every letter in the alphabet at least once. People often use it to practice typing or show off all the letters in a fun and easy way.",1.1162,57,51,108,"You are a casual, friendly summarizer.",Hey! Can you break this down in a simple and friendly way? The quick brown fox jumps over the lazy dog. This sentence is famous for containing all letters of the English alphabet.,,
2025-07-25 14:16:17,variant_C_casual,The quick brown fox jumps over the lazy dog. This sentence is famous for containing all letters of the English alphabet.,1.2,gpt-4.1-nano,"Sure thing! Basically, ""The quick brown fox jumps over the lazy dog"" is a well-known sentence because it uses every letter of the alphabet. People often use it to test fonts or keyboards since it shows all the letters in one go. It's like a fun way to make sure all the letters are working and appear correctly!",1.3937,57,66,123,"You are a casual, friendly summarizer.",Hey! Can you break this down in a simple and friendly way? The quick brown fox jumps over the lazy dog. This sentence is famous for containing all letters of the English alphabet.,,
2025-07-25 14:16:18,variant_C_casual,"Large language models are transforming various industries by automating tasks, generating creative content, and providing insights from data.",0.2,gpt-4.1-nano,"Hey! Sure thing. Basically, large language models are like super-smart computer programs that help different industries do things faster and better. They can handle tasks automatically, come up with creative ideas or writing, and even analyze data to give useful insights. It’s like having a really clever assistant that makes work easier and more efficient!",1.0531,56,65,121,"You are a casual, friendly summarizer.","Hey! Can you break this down in a simple and friendly way? Large language models are transforming various industries by automating tasks, generating creative content, and providing insights from data.",,
2025-07-25 14:16:19,variant_C_casual,"Large language models are transforming various industries by automating tasks, generating creative content, and providing insights from data.",0.5,gpt-4.1-nano,"Hey! Sure thing. Basically, large language models are like super-smart computer programs that help different industries do things more easily. They can handle repetitive tasks, come up with creative ideas like stories or articles, and analyze data to find useful information. It’s like having a helpful digital assistant that makes work smoother and more efficient!",1.109,56,65,121,"You are a casual, friendly summarizer.","Hey! Can you break this down in a simple and friendly way? Large language models are transforming various industries by automating tasks, generating creative content, and providing insights from data.",,
2025-07-25 14:16:21,variant_C_casual,"Large language models are transforming various industries by automating tasks, generating creative content, and providing insights from data.",0.8,gpt-4.1-nano,"Hey! Sure thing. Basically, large language models are like super-smart computers that help different fields do things faster and easier. They can handle repetitive tasks, come up with creative ideas, and find useful information in lots of data. It's like having a really clever assistant working behind the scenes!",1.5022,56,58,114,"You are a casual, friendly summarizer.","Hey! Can you break this down in a simple and friendly way? Large language models are transforming various industries by automating tasks, generating creative content, and providing insights from data.",,
2025-07-25 14:16:23,variant_C_casual,"Large language models are transforming various industries by automating tasks, generating creative content, and providing insights from data.",1.2,gpt-4.1-nano,"Hey! Sure thing! Basically, big language models are super advanced computer programs that help different fields do their work more easily. They can handle repetitive tasks, create text like stories or summaries, and even analyze data to find useful information. It’s kind of like having a smart assistant that makes things smoother and more efficient across many industries.",2.0185,56,67,123,"You are a casual, friendly summarizer.","Hey! Can you break this down in a simple and friendly way? Large language models are transforming various industries by automating tasks, generating creative content, and providing insights from data.",,
2025-07-25 14:16:24,variant_C_casual,"Climate change is accelerating due to increased greenhouse gas emissions from human activities, especially fossil fuel burning.",0.2,gpt-4.1-nano,"Hey! Sure thing. Basically, climate change is speeding up because we're releasing more greenhouse gases into the air, mainly by burning things like coal, oil, and gas. This makes the planet warmer and causes all sorts of weather changes.",1.2241,53,47,100,"You are a casual, friendly summarizer.","Hey! Can you break this down in a simple and friendly way? Climate change is accelerating due to increased greenhouse gas emissions from human activities, especially fossil fuel burning.",,
2025-07-25 14:16:26,variant_C_casual,"Climate change is accelerating due to increased greenhouse gas emissions from human activities, especially fossil fuel burning.",0.5,gpt-4.1-nano,"Hey! Sure thing. Basically, climate change is speeding up because we're releasing more greenhouse gases—like carbon dioxide—into the air. This mostly happens when we burn things like coal, oil, and natural gas for energy. These gases trap heat in the Earth's atmosphere, making the planet warmer. So, our actions are making climate change happen faster than it naturally would.",1.8619,53,74,127,"You are a casual, friendly summarizer.","Hey! Can you break this down in a simple and friendly way? Climate change is accelerating due to increased greenhouse gas emissions from human activities, especially fossil fuel burning.",,
2025-07-25 14:16:27,variant_C_casual,"Climate change is accelerating due to increased greenhouse gas emissions from human activities, especially fossil fuel burning.",0.8,gpt-4.1-nano,"Sure! Basically, climate change is happening faster because humans are releasing a lot of greenhouse gases, mainly by burning things like coal, oil, and gas. This traps heat in the Earth's atmosphere, making the planet warmer.",1.0198,53,44,97,"You are a casual, friendly summarizer.","Hey! Can you break this down in a simple and friendly way? Climate change is accelerating due to increased greenhouse gas emissions from human activities, especially fossil fuel burning.",,
2025-07-25 14:16:29,variant_C_casual,"Climate change is accelerating due to increased greenhouse gas emissions from human activities, especially fossil fuel burning.",1.2,gpt-4.1-nano,"Hey! Sure thing. Basically, climate change is speeding up because we're releasing more greenhouse gases into the air, mainly by burning things like coal, oil, and gas. This traps heat and makes the planet warmer.",1.478,53,43,96,"You are a casual, friendly summarizer.","Hey! Can you break this down in a simple and friendly way? Climate change is accelerating due to increased greenhouse gas emissions from human activities, especially fossil fuel burning.",,
2025-07-25 14:16:30,variant_C_casual,"Space exploration has advanced significantly with reusable rockets, allowing more frequent and cost-effective missions to orbit and beyond.",0.2,gpt-4.1-nano,"Hey! Sure thing! Basically, space exploration has gotten a lot better because of reusable rockets. These rockets can be used more than once, which makes sending things to space cheaper and easier. So now, we can do more missions to orbit and even farther out into space more often!",1.0078,55,57,112,"You are a casual, friendly summarizer.","Hey! Can you break this down in a simple and friendly way? Space exploration has advanced significantly with reusable rockets, allowing more frequent and cost-effective missions to orbit and beyond.",,
2025-07-25 14:16:31,variant_C_casual,"Space exploration has advanced significantly with reusable rockets, allowing more frequent and cost-effective missions to orbit and beyond.",0.5,gpt-4.1-nano,"Hey! Sure thing! Basically, space exploration has gotten a lot better because of reusable rockets. These are rockets that can be used more than once, which makes sending things to space cheaper and easier. So now, we can do more space missions more often without spending a ton of money each time. Pretty cool, right?",1.4247,55,65,120,"You are a casual, friendly summarizer.","Hey! Can you break this down in a simple and friendly way? Space exploration has advanced significantly with reusable rockets, allowing more frequent and cost-effective missions to orbit and beyond.",,
2025-07-25 14:16:33,variant_C_casual,"Space exploration has advanced significantly with reusable rockets, allowing more frequent and cost-effective missions to orbit and beyond.",0.8,gpt-4.1-nano,"Hey! Sure thing! Basically, space exploration has gotten a lot better because of reusable rockets. These are rockets that can be used multiple times instead of just once, which makes sending stuff into space cheaper and easier. So now, we can do more trips to space more often without spending a ton of money each time. Pretty cool, right?",1.3195,55,69,124,"You are a casual, friendly summarizer.","Hey! Can you break this down in a simple and friendly way? Space exploration has advanced significantly with reusable rockets, allowing more frequent and cost-effective missions to orbit and beyond.",,
2025-07-25 14:16:34,variant_C_casual,"Space exploration has advanced significantly with reusable rockets, allowing more frequent and cost-effective missions to orbit and beyond.",1.2,gpt-4.1-nano,"Hey! Sure, I can do that. Basically, space exploration has become easier and cheaper because of reusable rockets. These rockets can be brought back, fixed up, and used again, making more space missions possible without spending so much money. Pretty cool, right?",1.3204,55,53,108,"You are a casual, friendly summarizer.","Hey! Can you break this down in a simple and friendly way? Space exploration has advanced significantly with reusable rockets, allowing more frequent and cost-effective missions to orbit and beyond.",,
2025-07-25 14:16:35,variant_D_translate,The quick brown fox jumps over the lazy dog. This sentence is famous for containing all letters of the English alphabet.,0.2,gpt-4.1-nano,Le rapide renard brun saute par-dessus le chien paresseux. Cette phrase est célèbre pour contenir toutes les lettres de l'alphabet anglais.,1.0169,45,30,75,You are a French translator.,Translate this into French: The quick brown fox jumps over the lazy dog. This sentence is famous for containing all letters of the English alphabet.,,
2025-07-25 14:16:36,variant_D_translate,The quick brown fox jumps over the lazy dog. This sentence is famous for containing all letters of the English alphabet.,0.5,gpt-4.1-nano,Le rapide renard brun saute par-dessus le chien paresseux. Cette phrase est célèbre pour contenir toutes les lettres de l'alphabet anglais.,1.0126,45,30,75,You are a French translator.,Translate this into French: The quick brown fox jumps over the lazy dog. This sentence is famous for containing all letters of the English alphabet.,,
2025-07-25 14:16:37,variant_D_translate,The quick brown fox jumps over the lazy dog. This sentence is famous for containing all letters of the English alphabet.,0.8,gpt-4.1-nano,Le rapide renard brun saute par-dessus le chien paresseux. Cette phrase est célèbre pour contenir toutes les lettres de l'alphabet anglais.,1.2207,45,30,75,You are a French translator.,Translate this into French: The quick brown fox jumps over the lazy dog. This sentence is famous for containing all letters of the English alphabet.,,
2025-07-25 14:16:38,variant_D_translate,The quick brown fox jumps over the lazy dog. This sentence is famous for containing all letters of the English alphabet.,1.2,gpt-4.1-nano,Le renard brun rapide sautille par-dessus le chien paresseux. Cette phrase est célèbre pour contenir toutes les lettres de l'alphabet anglais.,0.9878,45,32,77,You are a French translator.,Translate this into French: The quick brown fox jumps over the lazy dog. This sentence is famous for containing all letters of the English alphabet.,,
2025-07-25 14:16:39,variant_D_translate,"Large language models are transforming various industries by automating tasks, generating creative content, and providing insights from data.",0.2,gpt-4.1-nano,"Les grands modèles de langage transforment diverses industries en automatisant des tâches, en générant du contenu créatif et en fournissant des insights à partir des données.",1.0156,44,34,78,You are a French translator.,"Translate this into French: Large language models are transforming various industries by automating tasks, generating creative content, and providing insights from data.",,
2025-07-25 14:16:40,variant_D_translate,"Large language models are transforming various industries by automating tasks, generating creative content, and providing insights from data.",0.5,gpt-4.1-nano,"Les grands modèles de langage transforment diverses industries en automatisant des tâches, en générant du contenu créatif et en fournissant des insights à partir des données.",0.9141,44,34,78,You are a French translator.,"Translate this into French: Large language models are transforming various industries by automating tasks, generating creative content, and providing insights from data.",,
2025-07-25 14:16:41,variant_D_translate,"Large language models are transforming various industries by automating tasks, generating creative content, and providing insights from data.",0.8,gpt-4.1-nano,"Les grands modèles de langage transforment diverses industries en automatisant des tâches, en générant du contenu créatif et en fournissant des insights à partir des données.",0.9111,44,34,78,You are a French translator.,"Translate this into French: Large language models are transforming various industries by automating tasks, generating creative content, and providing insights from data.",,
2025-07-25 14:16:42,variant_D_translate,"Large language models are transforming various industries by automating tasks, generating creative content, and providing insights from data.",1.2,gpt-4.1-nano,"Les grands modèles linguistiques transforment diverses industries en automatisant des tâches, en générant du contenu créatif et en fournissant des analyses à partir de données.",1.0148,44,34,78,You are a French translator.,"Translate this into French: Large language models are transforming various industries by automating tasks, generating creative content, and providing insights from data.",,
2025-07-25 14:16:43,variant_D_translate,"Climate change is accelerating due to increased greenhouse gas emissions from human activities, especially fossil fuel burning.",0.2,gpt-4.1-nano,"Le changement climatique s'accélère en raison de l'augmentation des émissions de gaz à effet de serre provenant des activités humaines, en particulier la combustion de combustibles fossiles.",1.1997,41,36,77,You are a French translator.,"Translate this into French: Climate change is accelerating due to increased greenhouse gas emissions from human activities, especially fossil fuel burning.",,
2025-07-25 14:16:44,variant_D_translate,"Climate change is accelerating due to increased greenhouse gas emissions from human activities, especially fossil fuel burning.",0.5,gpt-4.1-nano,"Le changement climatique s'accélère en raison de l'augmentation des émissions de gaz à effet de serre provenant des activités humaines, notamment la combustion de combustibles fossiles.",1.0348,41,35,76,You are a French translator.,"Translate this into French: Climate change is accelerating due to increased greenhouse gas emissions from human activities, especially fossil fuel burning.",,
2025-07-25 14:16:46,variant_D_translate,"Climate change is accelerating due to increased greenhouse gas emissions from human activities, especially fossil fuel burning.",0.8,gpt-4.1-nano,"Le changement climatique s'accélère en raison de l'augmentation des émissions de gaz à effet de serre provenant des activités humaines, en particulier la combustion de combustibles fossiles.",1.1186,41,36,77,You are a French translator.,"Translate this into French: Climate change is accelerating due to increased greenhouse gas emissions from human activities, especially fossil fuel burning.",,
2025-07-25 14:16:47,variant_D_translate,"Climate change is accelerating due to increased greenhouse gas emissions from human activities, especially fossil fuel burning.",1.2,gpt-4.1-nano,"Le changement climatique s'accélère en raison de l'augmentation des émissions de gaz à effet de serre dues aux activités humaines, notamment la combustion de combustibles fossiles.",1.0138,41,35,76,You are a French translator.,"Translate this into French: Climate change is accelerating due to increased greenhouse gas emissions from human activities, especially fossil fuel burning.",,
2025-07-25 14:16:48,variant_D_translate,"Space exploration has advanced significantly with reusable rockets, allowing more frequent and cost-effective missions to orbit and beyond.",0.2,gpt-4.1-nano,"L'exploration spatiale a progressé de manière significative grâce aux fusées réutilisables, permettant des missions plus fréquentes et plus économiques vers l'orbite et au-delà.",1.1183,43,40,83,You are a French translator.,"Translate this into French: Space exploration has advanced significantly with reusable rockets, allowing more frequent and cost-effective missions to orbit and beyond.",,
2025-07-25 14:16:49,variant_D_translate,"Space exploration has advanced significantly with reusable rockets, allowing more frequent and cost-effective missions to orbit and beyond.",0.5,gpt-4.1-nano,"L'exploration spatiale a progressé de manière significative grâce aux fusées réutilisables, permettant des missions plus fréquentes et plus économiques en orbite et au-delà.",0.9113,43,38,81,You are a French translator.,"Translate this into French: Space exploration has advanced significantly with reusable rockets, allowing more frequent and cost-effective missions to orbit and beyond.",,
2025-07-25 14:16:49,variant_D_translate,"Space exploration has advanced significantly with reusable rockets, allowing more frequent and cost-effective missions to orbit and beyond.",0.8,gpt-4.1-nano,"L'exploration spatiale a connu des progrès significatifs grâce aux fusées réutilisables, permettant des missions en orbite et au-delà plus fréquentes et plus économiques.",0.8107,43,37,80,You are a French translator.,"Translate this into French: Space exploration has advanced significantly with reusable rockets, allowing more frequent and cost-effective missions to orbit and beyond.",,
2025-07-25 14:16:51,variant_D_translate,"Space exploration has advanced significantly with reusable rockets, allowing more frequent and cost-effective missions to orbit and beyond.",1.2,gpt-4.1-nano,"L'exploration spatiale a considérablement progressé grâce aux fusées réutilisables, permettant des missions en orbite et au-delà plus fréquentes et plus économiques.",1.4295,43,36,79,You are a French translator.,"Translate this into French: Space exploration has advanced significantly with reusable rockets, allowing more frequent and cost-effective missions to orbit and beyond.",,
